,time,cost,num_lambdas,aggregate_duration,min_duration,max_duration,avg_duration
0,1.2477107048034668,1.0883386945724488e-05,8,2.591282606124878,0.15541386604309082,0.7540271282196045,0.32391032576560974
1,1.1106956005096436,1.0467355728149414e-05,8,2.492227554321289,0.14856815338134766,0.6203010082244873,0.31152844429016113
2,1.1254727840423584,1.0805683565139772e-05,8,2.572781801223755,0.15775322914123535,0.6980926990509033,0.32159772515296936
3,1.0535268783569336,1.026492919921875e-05,8,2.44403076171875,0.1404116153717041,0.6306610107421875,0.30550384521484375
4,1.1609537601470947,1.1651478624343874e-05,8,2.7741615772247314,0.15910649299621582,0.8161365985870361,0.34677019715309143
