,time,cost,num_lambdas,aggregate_duration,min_duration,max_duration,avg_duration
0,3.1488802433013916,1.9257972645759585e-09,64,27.51138949394226,0.06855201721191406,1.1581366062164307,0.4298654608428478
1,2.566067695617676,1.8881057643890383e-09,64,26.972939491271973,0.05140876770019531,1.0825865268707275,0.4214521795511246
2,3.2175679206848145,2.176534645557404e-09,64,31.09335207939148,0.03791069984436035,1.939101219177246,0.48583362624049187
3,2.889810800552368,2.0161143517494205e-09,64,28.801633596420288,0.054181575775146484,1.1978778839111328,0.450025524944067
4,2.3020808696746826,1.9044788694381716e-09,64,27.206840991973877,0.23221635818481445,1.1523807048797607,0.4251068904995918
