,time,cost,num_lambdas,aggregate_duration,min_duration,max_duration,avg_duration
0,2.4592766761779785,2.2600410461425785e-06,2,0.5381050109863281,0.15089082717895508,0.38721418380737305,0.26905250549316406
1,0.49270057678222656,1.734057712554932e-06,2,0.4128708839416504,0.12028312683105469,0.2925877571105957,0.2064354419708252
2,0.4625813961029053,1.6917092800140383e-06,2,0.4027879238128662,0.10825467109680176,0.29453325271606445,0.2013939619064331
3,0.43228912353515625,1.550310516357422e-06,2,0.3691215515136719,0.10452508926391602,0.26459646224975586,0.18456077575683594
4,0.4987680912017822,2.1250299453735353e-06,2,0.5059595108032227,0.11284232139587402,0.39311718940734863,0.25297975540161133
