,time,cost,num_lambdas,aggregate_duration,min_duration,max_duration,avg_duration
0,3.4148998260498047,6.457341685295105e-05,31,15.37462306022644,0.1621994972229004,1.6044566631317139,0.4959555825879497
1,2.6069815158843994,6.483588280677795e-05,32,15.437114953994751,0.16338610649108887,1.6094319820404053,0.48240984231233597
2,2.7672767639160156,6.551980533599854e-05,32,15.599953651428223,0.14284086227416992,1.761504888534546,0.48749855160713196
3,2.6343560218811035,6.560472650527955e-05,32,15.62017297744751,0.17250823974609375,1.785933494567871,0.4881304055452347
4,2.5288593769073486,6.561977791786195e-05,32,15.623756647109985,0.14435219764709473,1.7311811447143555,0.48824239522218704
