,time,cost,num_lambdas,aggregate_duration,min_duration,max_duration,avg_duration
0,4.075244665145874,4.357227296829223e-09,128,62.24610424041748,0.20608115196228027,1.5596177577972412,0.48629768937826157
1,4.034545421600342,5.822970507144929e-09,128,83.18529295921326,0.15890169143676758,1.801717758178711,0.6498851012438536
2,3.7997612953186035,6.288647453784943e-09,128,89.83782076835632,0.15036773681640625,2.4199488162994385,0.7018579747527838
3,4.161025524139404,6.0388453412055976e-09,128,86.26921916007996,0.16414165496826172,2.5022506713867188,0.6739782746881247
4,3.6971547603607178,6.474191670417787e-09,128,92.4884524345398,0.2365403175354004,1.6966521739959717,0.7225660346448421
