,time,cost,num_lambdas,aggregate_duration,min_duration,max_duration,avg_duration
0,6.739398717880249,2.0548382520675662e-09,64,29.3548321723938,0.2057197093963623,1.3859598636627197,0.4586692526936531
1,3.5593955516815186,2.0282172322273254e-09,64,28.974531888961792,0.22356724739074707,1.3066565990447998,0.452727060765028
2,2.6511600017547607,2.1953121280670168e-09,64,31.36160182952881,0.24143671989440918,1.3730275630950928,0.49002502858638763
3,2.566577434539795,2.1171331858634952e-09,64,30.244759798049927,0.06123757362365723,1.259068489074707,0.4725743718445301
4,2.6326639652252197,2.0252852058410646e-09,64,28.932645797729492,0.22891855239868164,1.6803359985351562,0.4520725905895233
