,time,cost,num_lambdas,aggregate_duration,min_duration,max_duration,avg_duration
0,7.904384136199951,6.896535645961762e-08,494,985.2193779945374,0.23517370223999023,6.26055645942688,1.9943712105152578
1,8.093811750411987,7.262949489593507e-08,494,1037.5642127990723,0.23843693733215332,6.072809934616089,2.1003324145730207
2,8.186157941818237,7.010734745025635e-08,494,1001.5335350036621,0.22869634628295898,6.394958257675171,2.02739581984547
3,8.725762605667114,8.435687061786653e-08,494,1205.0981516838074,0.07076525688171387,6.238590478897095,2.439469942679772
4,9.626909494400024,9.812141696453096e-08,494,1401.7345280647278,0.177276611328125,7.026994228363037,2.8375192875804207
5,8.245809555053711,8.205229864597321e-08,494,1172.1756949424744,0.24706244468688965,7.129301309585571,2.3728252934058185
